town,town2Addison,AddisonAlgonquin,AlgonquinAlsip,AlsipAntioch,AntiochArlington Hts,Arlington HeightsAurora,AuroraBarrington,BarringtonBarrington Hills,Barrington HillsBartlett,BartlettBatavia,BataviaBeach Park,Beach ParkBedford Park,Bedford ParkBeecher,BeecherBellwood,BellwoodBensenville,BensenvilleBerkeley,BerkeleyBerwyn,BerwynBloomingdale,BloomingdaleBlue Island,Blue IslandBolingbrook,BolingbrookBraidwood,BraidwoodBridgeview,BridgeviewBroadview,BroadviewBrookfield,BrookfieldBuffalo Grove,Buffalo GroveBurbank,BurbankBurnham,BurnhamBurr Ridge,Burr RidgeCalumet City,Calumet CityCalumet Park,Calumet ParkCampton Hills,Campton HillsCarol Stream,Carol StreamCarpentersville,CarpentersvilleCary,CaryChannahon,ChannahonChicago,ChicagoChicago Hts,Chicago HeightsChicago Ridge,Chicago RidgeCicero,CiceroClarendon Hills,Clarendon HillsCountry Club Hills,Country Club HillsCountryside,CountrysideCrest Hill,Crest HillCrestwood,CrestwoodCrete,CreteCrystal Lake,Crystal LakeDarien,DarienDeerfield,DeerfieldDes Plaines,Des PlainesDixmoor,DixmoorDolton,DoltonDowners Grove,Downers GroveEast Dundee,East DundeeElburn,ElburnElgin,ElginElk Grove,Elk Grove VillageElmhurst,ElmhurstElmwood Park,Elmwood ParkEvanston,EvanstonEvergreen Park,Evergreen ParkFlossmoor,FlossmoorFord Heights,Ford HeightsForest Park,Forest ParkForestview,Forest ViewFox Lake,Fox LakeFox River Grove,Fox River GroveFrankfort,FrankfortFranklin Park,Franklin ParkGeneva,GenevaGlen Ellyn,Glen EllynGlencoe,GlencoeGlendale Hts,Glendale HeightsGlenview,GlenviewGlenwood,GlenwoodGodley,GodleyGolf,GolfGrayslake,GrayslakeGreen Oaks,Green OaksGurnee,GurneeHainesville,HainesvilleHampshire,HampshireHanover Park,Hanover ParkHarvard,HarvardHarvey,HarveyHarwood Hts,Harwood HeightsHawthorn Woods,Hawthorn WoodsHazelcrest,Hazel CrestHickory Hills,Hickory HillsHighland Park,Highland ParkHighwood,HighwoodHillside,HillsideHinsdale,HinsdaleHodgkins,HodgkinsHoffman Estates,Hoffman EstatesHomer Glen,Homer GlenHometown,HometownHomewood,HomewoodHuntley,HuntleyIndian Head Park,Indian Head ParkInverness,InvernessIsland Lake,Island LakeItasca,ItascaJohnsburg,JohnsburgJoliet,JolietJustice,JusticeKenilworth,KenilworthKildeer,KildeerLaGrange,La GrangeLaGrange Park,La Grange ParkLake Barrington,Lake BarringtonLake Bluff,Lake BluffLake Forest,Lake ForestLake In The Hills,Lake in the HillsLake Villa,Lake VillaLake Zurich,Lake ZurichLakemoor,LakemoorLakewood,LakewoodLansing,LansingLemont,LemontLibertyville,LibertyvilleLincolnshire,LincolnshireLincolnwood,LincolnwoodLindenhurst,LindenhurstLisle,LisleLockport,LockportLombard,LombardLong Grove,Long GroveLynnwood,LynwoodLyons,LyonsManhattan,ManhattanMarengo,MarengoMarkham,MarkhamMatteson,MattesonMaywood,MaywoodMccook,McCookMcCullom Lake,McCullom LakeMcHenry,McHenryMelrose Park,Melrose ParkMerrionette Park,Merrionette ParkMettawa,MettawaMidlothian,MidlothianMokena,MokenaMonee,MoneeMontgomery,MontgomeryMorton Grove,Morton GroveMt Prospect,Mount ProspectMundelein,MundeleinN Barrington,North BarringtonNaperville,NapervilleNew Lenox,New LenoxNiles,NilesNo Aurora,North AuroraNorridge,NorridgeNorth Chicago,North ChicagoNorth Lake,NorthlakeNorth Riverside,North RiversideNorthbrook,NorthbrookNorthfield,NorthfieldOak Brook,Oak BrookOak Forest,Oak ForestOak Lawn,Oak LawnOak Park,Oak ParkOakbrook Terrace,Oakbrook TerraceOld Mill Creek,Old Mill CreekOlympia Fields,Olympia FieldsOrland Hills,Orland HillsOrland Park,Orland ParkPalatine,PalatinePalos Hills,Palos HillsPalos Hts,Palos HeightsPalos Park,Palos ParkPark City,Park CityPark Forest,Park ForestPark Ridge,Park RidgePeotone,PeotonePhoenix,PhoenixPingree Grove,Pingree GrovePlainfield,PlainfieldPosen,PosenPrairie Grove,Prairie GroveProspect Hts,Prospect HeightsRichmond,RichmondRichton Park,Richton ParkRiver Forest,River ForestRiver Grove,River GroveRiverdale,RiverdaleRiverside,RiversideRiverwoods,RiverwoodsRobbins,RobbinsRockdale,RockdaleRolling Meadows,Rolling MeadowsRomeoville,RomeovilleRoselle,RoselleRosemont,RosemontRound Lake,Round LakeRound Lake Bch,Round Lake BeachRound Lake Hts,Round Lake HeightsRound Lake Park,Round Lake ParkSauk Village,Sauk VillageSchaumburg,SchaumburgSchiller Park,Schiller ParkShorewood,ShorewoodSkokie,SkokieSleepy Hollow,Sleepy HollowSo Elgin,South ElginSouth Barrington,South BarringtonSouth Chicago Hts,South Chicago HeightsSouth Holland,South HollandSpring Grove,Spring GroveSt Charles,St. CharlesSteger,StegerStickney,StickneyStone Park,Stone ParkStreamwood,StreamwoodSugar Grove,Sugar GroveSummit,SummitThird Lake,Third LakeThornton,ThorntonTinley Park,Tinley ParkUniversity Park,University ParkVernon Hills,Vernon HillsVilla Park,Villa ParkVirgil,VirgilWadsworth,WadsworthWarrenville,WarrenvilleWauconda,WaucondaWaukegan,WaukeganWest Chicago,West ChicagoWest Dundee,West DundeeWestchester,WestchesterWestern Springs,Western SpringsWestmont,WestmontWheaton,WheatonWheeling,WheelingWillow Springs,Willow SpringsWillowbrook,WillowbrookWillowbrook,WillowbrookWilmette,WilmetteWilmington,WilmingtonWilmington,WilmingtonWinfield,WinfieldWinnetka,WinnetkaWinthrop Harbor,Winthrop HarborWonder Lake,Wonder LakeWood Dale,Wood DaleWoodridge,WoodridgeWoodstock,WoodstockWorth,WorthZion,Zion